"Defense","1","2","3","4","5","6","7","8","9","10","11","12","13","14","15","16","17","Season #G","Season SOS","Playoffs #G","Playoffs SOS","All #G","All SOS"
"ARZ","6.517101976137165","5.925943768919303","2.0241949242215145","7.468004130824854","2.190790334681982","0.775673267593183","1.3550399362622414","4.972988549436761","5.925943768919303","0.775673267593183","2.454614731560589","9.152215405426835","0.8779216015483182","","5.208744951090535","7.154459520603611","6.819396342547373","13","3.107381449448287","3","7.742829538660574","16","4.15341178898922"
"ATL","5.0969805176354495","7.687486811259654","4.269679486772539","7.154459520603611","1.7451519614802988","0.8560874143137718","1.3535097930150686","5.556114892160954","4.370961668764377","2.2800075398341515","","4.148789747449429","2.190790334681982","10","9.152215405426835","5.556114892160954","7.154459520603611","13","4.3336346803109995","3","9.374022190327358","16","4.949526472819149"
"BLT","3.9075325559474416","7.154459520603611","4.972988549436761","8.5203632157706","4.088062584713256","10","3.897616059652637","0","5.742239331514912","6.517101976137165","8.276208760681676","6.23268571398012","","5.556114892160954","5.0969805176354495","10","4.370961668764377","13","8.483902921675824","3","7.916491451605968","16","8.32530674170648"
"BUF","6.23268571398012","2.190790334681982","6.517101976137165","2.3931242111700666","0.775673267593183","6.819396342547373","","1.7451519614802988","4.148789747449429","5.208744951090535","10","2.2800075398341515","2.3931242111700666","4.269679486772539","0.8560874143137718","2.025606378347445","9.288657443950783","13","4.049670626613035","3","3.4750969400170644","16","1.9623455931554854"
"CAR","0.8560874143137718","4.088062584713256","10","2.190790334681982","","0.8779216015483182","5.182428770408976","4.269679486772539","2.025606378347445","7.154459520603611","1.8787989243987302","5.556114892160954","4.148789747449429","7.154459520603611","4.370961668764377","5.0969805176354495","5.925943768919303","13","2.7409041163282155","3","5.436975799231335","16","2.863729599159802"
"CHI","7.687486811259654","4.148789747449429","0.8779216015483182","5.208744951090535","4.269679486772539","4.088062584713256","1.7534623290114715","5.925943768919303","5.556114892160954","","7.702361254868901","2.190790334681982","5.742239331514912","9.288657443950783","0","4.269679486772539","2.190790334681982","13","6.042389085605663","3","0","16","4.442196709983218"
"CIN","5.556114892160954","6.23268571398012","5.0969805176354495","5.742239331514912","9.288657443950783","","1.051002118649107","8.5203632157706","4.088062584713256","5.0969805176354495","9.85310897796882","7.154459520603611","10","2.2800075398341515","7.687486811259654","3.9075325559474416","1.7451519614802988","13","10","3","4.1870623779594505","16","10"
"CLV","5.742239331514912","5.556114892160954","7.687486811259654","5.0969805176354495","5.208744951090535","1.7451519614802988","8.39594061750745","5.0969805176354495","7.154459520603611","6.23268571398012","","6.819396342547373","4.370961668764377","4.088062584713256","7.468004130824854","1.7451519614802988","3.9075325559474416","13","8.28268228889613","3","4.053482792726562","16","8.262225220825805"
"DAL","7.468004130824854","9.152215405426835","1.7451519614802988","6.23268571398012","5.556114892160954","4.269679486772539","0.1108463922856476","4.351431958076804","3.9075325559474416","2.0241949242215145","9.172868379724205","0.8779216015483182","5.925943768919303","","0.775673267593183","5.742239331514912","7.468004130824854","13","6.162297356349206","3","4.580070166517285","16","4.953642095116833"
"DEN","2.2800075398341515","5.742239331514912","0.775673267593183","2.0241949242215145","6.517101976137165","5.925943768919303","3.876444096371066","2.2800075398341515","7.687486811259654","","7.341638319312217","5.0969805176354495","9.288657443950783","5.208744951090535","6.819396342547373","0","2.3931242111700666","13","6.598886770682629","3","1.6749284937986446","16","4.335444102783656"
"DET","7.154459520603611","0","5.208744951090535","7.687486811259654","4.351431958076804","","3.7878170630104053","4.148789747449429","9.288657443950783","2.3931242111700666","5.981612440427933","0.8560874143137718","4.088062584713256","8.5203632157706","4.148789747449429","7.468004130824854","0.8560874143137718","13","5.801292769192922","3","3.659220075918757","16","6.079874578758089"
"GB","4.148789747449429","5.208744951090535","4.088062584713256","5.556114892160954","0.8560874143137718","4.972988549436761","1.5341142049069263","7.687486811259654","2.3931242111700666","4.148789747449429","","0.775673267593183","7.154459520603611","0","9.288657443950783","0.8560874143137718","6.23268571398012","13","2.2797561967946143","3","6.035571924113194","16","3.4334859342661566"
"HST","0","4.370961668764377","3.9075325559474416","4.972988549436761","8.5203632157706","5.742239331514912","7.255088699016091","","6.517101976137165","10","4.206778621696523","1.7451519614802988","5.0969805176354495","9.152215405426835","5.742239331514912","0.8779216015483182","4.269679486772539","13","8.093949160473642","3","2.695763903568163","16","6.49826619767301"
"IND","1.7451519614802988","2.2800075398341515","6.23268571398012","9.152215405426835","5.0969805176354495","8.5203632157706","3.656761710321735","5.742239331514912","4.972988549436761","9.288657443950783","6.709996306343651","7.468004130824854","","0.8779216015483182","8.5203632157706","4.370961668764377","10","13","7.584643577432955","3","10","16","8.337981580902355"
"JAX","10","2.025606378347445","2.3931242111700666","4.370961668764377","0.8779216015483182","6.23268571398012","","3.9075325559474416","1.7451519614802988","8.5203632157706","8.039917690891244","8.5203632157706","0.8560874143137718","5.0969805176354495","6.23268571398012","4.972988549436761","9.152215405426835","13","4.470210314620161","3","8.45812332592246","16","5.22506013262219"
"KC","2.025606378347445","3.9075325559474416","9.288657443950783","6.819396342547373","","6.517101976137165","5.583356542686458","2.025606378347445","5.208744951090535","4.088062584713256","4.684672660536819","0","0.775673267593183","4.370961668764377","2.3931242111700666","2.0241949242215145","6.517101976137165","13","4.4144772088491795","3","2.722896205278467","16","2.7090341694801783"
"LA","2.0241949242215145","7.468004130824854","2.025606378347445","0.8779216015483182","0","4.351431958076804","6.55193950765148","6.517101976137165","9.152215405426835","4.351431958076804","","4.269679486772539","2.2800075398341515","2.0241949242215145","4.972988549436761","5.925943768919303","5.556114892160954","13","3.5521725829174278","3","6.082810268054737","16","3.8612100924247335"
"LAC","4.351431958076804","6.819396342547373","0","5.925943768919303","2.025606378347445","2.2800075398341515","","0.775673267593183","6.23268571398012","1.7451519614802988","5.607640267197837","2.3931242111700666","5.556114892160954","6.819396342547373","2.0241949242215145","9.288657443950783","2.2800075398341515","13","1.8349294851312998","3","4.3408514402748","16","1.9307118188410832"
"LV","9.288657443950783","6.517101976137165","7.154459520603611","2.2800075398341515","2.3931242111700666","0","0","5.208744951090535","2.0241949242215145","5.925943768919303","2.180731058896587","10","","6.517101976137165","2.025606378347445","8.5203632157706","4.351431958076804","13","4.495861426739021","3","5.134809903897095","16","4.932383680778179"
"MIA","6.819396342547373","2.0241949242215145","2.2800075398341515","4.148789747449429","4.370961668764377","","4.805848504827052","2.3931242111700666","2.190790334681982","3.9075325559474416","0","5.208744951090535","2.025606378347445","0.8560874143137718","4.269679486772539","6.517101976137165","0","13","0","3","2.633041083282545","16","0"
"MIN","4.269679486772539","0.8560874143137718","5.556114892160954","9.288657443950783","7.154459520603611","","3.395217211193789","2.190790334681982","0","4.269679486772539","2.1792115130047853","4.088062584713256","7.687486811259654","2.3931242111700666","2.190790334681982","9.152215405426835","5.208744951090535","13","3.41454127270477","3","6.141665075251974","16","4.250800843196768"
"NE","5.925943768919303","5.0969805176354495","5.742239331514912","0","6.819396342547373","5.208744951090535","0.08717616911603807","9.288657443950783","4.269679486772539","2.190790334681982","","6.517101976137165","0","4.148789747449429","2.2800075398341515","5.208744951090535","2.025606378347445","13","5.135464965146628","3","1.8586306288341568","16","3.3869239442170986"
"NO","2.190790334681982","1.7451519614802988","6.819396342547373","4.088062584713256","4.148789747449429","7.468004130824854","4.684685804613459","","10","7.687486811259654","0.9216481708788786","4.370961668764377","4.269679486772539","7.687486811259654","5.556114892160954","4.351431958076804","4.088062584713256","13","5.828413901582805","3","4.585969253923786","16","5.4860429147968155"
"NYG","4.972988549436761","0.775673267593183","8.5203632157706","4.351431958076804","9.152215405426835","7.154459520603611","5.915892405692237","","0.8779216015483182","9.152215405426835","6.181990633376769","3.9075325559474416","2.0241949242215145","5.925943768919303","10","2.190790334681982","4.972988549436761","13","6.060414762232047","3","6.514152198149551","16","6.292205981987951"
"NYJ","8.5203632157706","4.269679486772539","2.190790334681982","0.8560874143137718","10","2.3931242111700666","9.228840676739976","6.819396342547373","2.2800075398341515","0","7.016193691566711","9.288657443950783","","2.025606378347445","4.351431958076804","2.3931242111700666","4.148789747449429","13","4.901564587132141","3","2.69789738770339","16","4.221360005464824"
"PHI","9.152215405426835","8.5203632157706","0.8560874143137718","0.775673267593183","5.742239331514912","7.687486811259654","4.550267356746601","9.152215405426835","7.468004130824854","","5.487316706845345","4.972988549436761","4.351431958076804","3.9075325559474416","5.925943768919303","6.23268571398012","2.0241949242215145","13","7.1513202639957765","3","4.699910355254896","16","6.516696033958217"
"PIT","4.088062584713256","2.3931242111700666","4.370961668764377","10","3.9075325559474416","5.556114892160954","6.9151781350074435","10","","4.370961668764377","0.9451544605297751","2.025606378347445","6.23268571398012","5.742239331514912","1.7451519614802988","7.687486811259654","8.5203632157706","13","5.4055205372262645","3","6.994482102686998","16","5.905103541697068"
"SEA","2.3931242111700666","4.351431958076804","9.152215405426835","6.517101976137165","2.0241949242215145","2.025606378347445","1.6308336812874977","0.8560874143137718","4.351431958076804","6.819396342547373","","2.0241949242215145","4.972988549436761","7.468004130824854","0.8779216015483182","0.775673267593183","7.687486811259654","13","4.420399431782565","3","1.7531722164717198","16","2.837028400640831"
"SF","0.775673267593183","9.288657443950783","4.351431958076804","2.025606378347445","5.925943768919303","9.152215405426835","3.59092800288938","","6.819396342547373","4.972988549436761","4.466511734859292","5.925943768919303","7.468004130824854","0.775673267593183","6.517101976137165","2.2800075398341515","0.8779216015483182","13","7.288494391677265","3","1.9564175350119903","16","5.496910792426735"
"TB","4.370961668764377","10","4.148789747449429","4.269679486772539","4.972988549436761","5.0969805176354495","7.493027669308322","4.088062584713256","0.8560874143137718","","2.3585651079303496","7.687486811259654","6.517101976137165","1.7451519614802988","7.154459520603611","4.088062584713256","0.775673267593183","13","5.104316903850828","3","3.3824931996044083","16","4.275411251990391"
"TEN","5.208744951090535","0.8779216015483182","7.468004130824854","1.7451519614802988","6.23268571398012","3.9075325559474416","10","4.370961668764377","","5.742239331514912","5.35382920453742","5.742239331514912","9.152215405426835","2.190790334681982","3.9075325559474416","6.819396342547373","5.0969805176354495","13","6.638071524097219","3","5.698692830487597","16","6.788447335041213"
"WAS","0.8779216015483182","4.972988549436761","5.925943768919303","3.9075325559474416","7.468004130824854","2.0241949242215145","","0.8779216015483182","0.775673267593183","7.468004130824854","4.705697992567221","4.351431958076804","8.5203632157706","6.23268571398012","4.088062584713256","4.148789747449429","5.742239331514912","13","4.580666069473724","3","4.575916355757499","16","4.156896664361934"