"Offense","1","2","3","4","5","6","7","8","9","10","11","12","13","14","15","16","17","Season #G","Season SOS","Playoffs #G","Playoffs SOS","All #G","All SOS"
"ARZ","3.4039783162779322","2.6630790046818342","5.4603164546347704","4.484278613087993","3.5782242420395733","3.7275051589172254","1.8531399551642123","6.5956021933568625","2.6630790046818342","3.7275051589172254","4.224842934559504","10","0.6863385991531568","","5.7292486706632495","4.989928695644156","7.07829755363392","13","1.877350922650344","3","6.984364152805301","16","4.04337081819039"
"ATL","3.7512963788199167","5.793046299988092","4.191346637203437","4.989928695644156","3.5471979330182424","4.442806901419217","6.2955359629895655","6.730580172043106","8.140639725680705","4.621214255577892","","4.539456952557035","3.5782242420395733","4.5170446066345855","10","6.730580172043106","4.989928695644156","13","5.123894867523189","3","10","16","8.82187154358611"
"BLT","6.081630385400041","4.989928695644156","6.5956021933568625","8.29417268130779","4.198457392004571","4.5170446066345855","9.385846146565946","3.8906313081936093","4.194792220866963","3.4039783162779322","5.483029155827598","1.2964632854891325","","6.730580172043106","3.7512963788199167","4.5170446066345855","8.140639725680705","13","6.50925151238254","3","5.917028777819873","16","7.624587288127555"
"BUF","1.2964632854891325","3.5782242420395733","3.4039783162779322","0","3.7275051589172254","7.07829755363392","","3.5471979330182424","4.539456952557035","5.7292486706632495","8.575549127934021","4.621214255577892","0","4.191346637203437","4.442806901419217","1.6072865994906016","8.673314689543648","13","1.6031424689319531","3","4.6213293308816725","16","0"
"CAR","4.442806901419217","4.198457392004571","4.5170446066345855","3.5782242420395733","","0.6863385991531568","7.760101429453888","4.191346637203437","1.6072865994906016","4.989928695644156","3.0716806320712524","6.730580172043106","4.539456952557035","4.989928695644156","8.140639725680705","3.7512963788199167","2.6630790046818342","13","0.2506925869659546","3","4.491885584265052","16","0.5665106894664742"
"CHI","5.793046299988092","4.539456952557035","0.6863385991531568","5.7292486706632495","4.191346637203437","4.198457392004571","0","2.6630790046818342","6.730580172043106","","4.6207285312086785","3.5782242420395733","4.194792220866963","8.673314689543648","3.8906313081936093","4.191346637203437","3.5782242420395733","13","2.104087876644178","3","2.2666431484316814","16","1.689694294319006"
"CIN","6.730580172043106","1.2964632854891325","3.7512963788199167","4.194792220866963","8.673314689543648","","4.089783502603295","8.29417268130779","4.198457392004571","3.7512963788199167","10","4.989928695644156","4.5170446066345855","4.621214255577892","5.793046299988092","6.081630385400041","3.5471979330182424","13","7.265970810454368","3","5.158240412012402","16","10"
"CLV","4.194792220866963","6.730580172043106","5.793046299988092","3.7512963788199167","5.7292486706632495","3.5471979330182424","9.562863770303478","3.7512963788199167","4.989928695644156","1.2964632854891325","","7.07829755363392","8.140639725680705","4.198457392004571","4.484278613087993","3.5471979330182424","6.081630385400041","13","6.845880090972985","3","4.15219080733495","16","8.82529366454708"
"DAL","4.484278613087993","10","3.5471979330182424","1.2964632854891325","6.730580172043106","4.191346637203437","0.7913221458234314","8.433609723227711","6.081630385400041","5.4603164546347704","8.168467538945418","0.6863385991531568","2.6630790046818342","","3.7275051589172254","4.194792220866963","4.484278613087993","13","6.109932346241855","3","2.84038062637827","16","6.594135686707917"
"DEN","4.621214255577892","4.194792220866963","3.7275051589172254","5.4603164546347704","3.4039783162779322","2.6630790046818342","9.723629344839846","4.621214255577892","5.793046299988092","","6.862992629192613","3.7512963788199167","8.673314689543648","5.7292486706632495","7.07829755363392","3.8906313081936093","0","13","6.761722999487487","3","1.7352614044337646","16","5.423442700307151"
"DET","4.989928695644156","3.8906313081936093","5.7292486706632495","5.793046299988092","8.433609723227711","","4.832462313694706","4.539456952557035","8.673314689543648","0","6.4896513978276875","4.442806901419217","4.198457392004571","8.29417268130779","4.539456952557035","4.484278613087993","4.442806901419217","13","7.153998183488769","3","3.655176760945183","16","8.865213447498606"
"GB","4.539456952557035","5.7292486706632495","4.198457392004571","6.730580172043106","4.442806901419217","6.5956021933568625","4.125555649852529","5.793046299988092","0","4.539456952557035","","3.7275051589172254","4.989928695644156","3.8906313081936093","8.673314689543648","4.442806901419217","1.2964632854891325","13","3.10605402303455","3","4.382399477015573","16","3.826100888556927"
"HST","3.8906313081936093","8.140639725680705","6.081630385400041","6.5956021933568625","8.29417268130779","4.194792220866963","5.170201674446493","","3.4039783162779322","4.5170446066345855","5.792879463876922","3.5471979330182424","3.7512963788199167","10","4.194792220866963","0.6863385991531568","4.191346637203437","13","8.085005051070349","3","0.2774593781544712","16","7.575550081671199"
"IND","3.5471979330182424","4.621214255577892","1.2964632854891325","10","3.7512963788199167","8.29417268130779","5.233820188756328","4.194792220866963","6.5956021933568625","8.673314689543648","0.6550857499291316","4.484278613087993","","0.6863385991531568","8.29417268130779","8.140639725680705","4.5170446066345855","13","5.644884907916088","3","9.409137388051294","16","8.347227432863416"
"JAX","4.5170446066345855","1.6072865994906016","0","8.140639725680705","0.6863385991531568","1.2964632854891325","","6.081630385400041","3.5471979330182424","8.29417268130779","4.077816285644128","8.29417268130779","4.442806901419217","3.7512963788199167","1.2964632854891325","6.5956021933568625","10","13","0.214894146138377","3","7.057075907033937","16","3.4604684133328383"
"KC","1.6072865994906016","6.081630385400041","8.673314689543648","7.07829755363392","","3.4039783162779322","3.0704282042162983","1.6072865994906016","5.7292486706632495","4.198457392004571","8.318179919414007","3.8906313081936093","3.7275051589172254","8.140639725680705","0","5.4603164546347704","3.4039783162779322","13","6.8001784014964315","3","0.11742936567777287","16","6.246867179112401"
"LA","5.4603164546347704","4.484278613087993","1.6072865994906016","0.6863385991531568","3.8906313081936093","8.433609723227711","8.161006266920484","3.4039783162779322","10","8.433609723227711","","4.191346637203437","4.621214255577892","5.4603164546347704","6.5956021933568625","2.6630790046818342","6.730580172043106","13","4.887113455701127","3","5.594390557630921","16","6.621415157957089"
"LAC","8.433609723227711","7.07829755363392","3.8906313081936093","2.6630790046818342","1.6072865994906016","4.621214255577892","","3.7275051589172254","1.2964632854891325","3.5471979330182424","5.414530177199236","0","6.730580172043106","7.07829755363392","5.4603164546347704","8.673314689543648","4.621214255577892","13","1.186665446717713","3","7.720294755606964","16","3.467374573357974"
"LV","8.673314689543648","3.4039783162779322","4.989928695644156","4.621214255577892","0","3.8906313081936093","4.297670835593019","5.7292486706632495","5.4603164546347704","2.6630790046818342","0.9888141308784405","4.5170446066345855","","3.4039783162779322","1.6072865994906016","8.29417268130779","8.433609723227711","13","1.1703515375258886","3","7.397612677493022","16","4.727736416113427"
"MIA","7.07829755363392","5.4603164546347704","4.621214255577892","4.539456952557035","8.140639725680705","","6.605604518847105","0","3.5782242420395733","6.081630385400041","3.4404221617387796","5.7292486706632495","1.6072865994906016","4.442806901419217","4.191346637203437","3.4039783162779322","3.8906313081936093","13","3.4805867968291713","3","2.132700320774953","16","3.1248703854548148"
"MIN","4.191346637203437","4.442806901419217","6.730580172043106","8.673314689543648","4.989928695644156","","7.011887153975767","3.5782242420395733","3.8906313081936093","4.191346637203437","5.125779916207326","4.198457392004571","5.793046299988092","0","3.5782242420395733","10","5.7292486706632495","13","4.603296121327677","3","8.145099475725457","16","8.553480276444908"
"NE","2.6630790046818342","3.7512963788199167","4.194792220866963","3.8906313081936093","7.07829755363392","5.7292486706632495","5.122386377581071","8.673314689543648","4.191346637203437","3.5782242420395733","","3.4039783162779322","3.8906313081936093","4.539456952557035","4.621214255577892","5.7292486706632495","1.6072865994906016","13","3.860007853288611","3","2.4953677609514657","16","2.927315323806423"
"NO","3.5782242420395733","3.5471979330182424","7.07829755363392","4.198457392004571","4.539456952557035","4.484278613087993","4.325101201899656","","4.5170446066345855","5.793046299988092","4.033288457238207","8.140639725680705","4.191346637203437","5.793046299988092","6.730580172043106","8.433609723227711","4.198457392004571","13","4.694277618420292","3","8.187512012558889","16","8.388935742547952"
"NYG","6.5956021933568625","3.7275051589172254","8.29417268130779","8.433609723227711","10","4.989928695644156","1.494772566078018","","0.6863385991531568","10","3.7669971783543685","6.081630385400041","5.4603164546347704","2.6630790046818342","4.5170446066345855","3.5782242420395733","6.5956021933568625","13","6.327534675884455","3","4.596318027779237","16","6.953294154336613"
"NYJ","8.29417268130779","4.191346637203437","3.5782242420395733","4.442806901419217","4.5170446066345855","0","10","7.07829755363392","4.621214255577892","3.8906313081936093","2.9179069327962415","8.673314689543648","","1.6072865994906016","8.433609723227711","0","4.539456952557035","13","3.1385633096581937","3","3.2758419640183623","16","5.349899494382249"
"PHI","10","8.29417268130779","4.442806901419217","3.7275051589172254","4.194792220866963","5.793046299988092","7.604476984224233","10","4.484278613087993","","3.2908194186532045","6.5956021933568625","8.433609723227711","6.081630385400041","2.6630790046818342","1.2964632854891325","5.4603164546347704","13","10","3","0.5444913430650443","16","9.273907877012542"
"PIT","4.198457392004571","0","8.140639725680705","4.5170446066345855","6.081630385400041","6.730580172043106","5.753196873693401","4.5170446066345855","","8.140639725680705","0","1.6072865994906016","1.2964632854891325","4.194792220866963","3.5471979330182424","5.793046299988092","8.29417268130779","13","0","3","6.859021478362221","16","1.7978935240240626"
"SEA","0","8.433609723227711","10","3.4039783162779322","5.4603164546347704","1.6072865994906016","5.328083231142443","4.442806901419217","8.433609723227711","7.07829755363392","","5.4603164546347704","6.5956021933568625","4.484278613087993","0.6863385991531568","3.7275051589172254","5.793046299988092","13","5.859083605734306","3","1.1494822436595595","16","4.887196115040695"
"SF","3.7275051589172254","8.673314689543648","8.433609723227711","1.6072865994906016","2.6630790046818342","10","4.840660741926195","","7.07829755363392","6.5956021933568625","4.137060805166843","2.6630790046818342","4.484278613087993","3.7275051589172254","3.4039783162779322","4.621214255577892","0.6863385991531568","13","8.373899145732267","3","0","16","7.0489410876959795"
"TB","8.140639725680705","4.5170446066345855","4.539456952557035","4.191346637203437","6.5956021933568625","3.7512963788199167","6.679160744590598","4.198457392004571","4.442806901419217","","3.1049933194087047","5.793046299988092","3.4039783162779322","3.5471979330182424","4.989928695644156","4.198457392004571","3.7275051589172254","13","4.080828460629378","3","3.2318912166561065","16","4.434049224303038"
"TEN","5.7292486706632495","0.6863385991531568","4.484278613087993","3.5471979330182424","1.2964632854891325","6.081630385400041","5.207979611393823","8.140639725680705","","4.194792220866963","6.344726676091539","4.194792220866963","10","3.5782242420395733","6.081630385400041","7.07829755363392","3.7512963788199167","13","4.925594215456723","3","6.30310339369604","16","6.539695573162564"
"WAS","0.6863385991531568","6.5956021933568625","2.6630790046818342","6.081630385400041","4.484278613087993","5.4603164546347704","","0.6863385991531568","3.7275051589172254","4.484278613087993","8.00362049435227","8.433609723227711","8.29417268130779","1.2964632854891325","4.198457392004571","4.539456952557035","4.194792220866963","13","5.746153505738597","3","3.2448171507722896","16","6.102861104071879"